lang_type,mean_len,median_len,count,period
dynamic,24.21951219512195,18.0,41,before
other,27.79310344827586,8.0,29,before
static,38.01951600312256,12.0,1281,before
dynamic,12.0,13.5,6,after
static,118.01382488479263,57.5,434,after
