group,sentiment_cat,count,share
after,negative,1894,0.09430861923019469
after,neutral,14098,0.7019867549668874
after,positive,4091,0.2037046258029179
before,negative,806,0.059182025111975914
before,neutral,10531,0.7732579484543652
before,positive,2282,0.16756002643365886
