before,after,diff
70.47193585337915,69.0724076940084,-1.399528159370746
9.0,41.0,32.0
4.0,32.0,28.0
39.0,54.0,15.0
25596.229870978117,17171.123888663395,-8425.105982314722
159.9882179130017,131.03863509920802,-28.949582813793683
1746.0,9046.0,7300.0
