before,after,diff
523.8076923076923,692.5172413793103,168.70954907161808
225.5,416.0,190.5
42.75,257.0,214.25
691.5,877.0,185.5
529416.2415384614,480958.830049261,-48457.41148920043
727.6099515114272,693.511953789739,-34.097997721688216
26.0,29.0,3.0
