before,after,diff
36.35294117647059,40.111111111111114,3.7581699346405273
11.0,5.0,-6.0
4.0,2.0,-2.0
38.0,24.0,-14.0
5012.992647058822,5531.861111111111,518.8684640522897
70.80249040153052,74.37648224480041,3.5739918432698943
17.0,9.0,-8.0
