before,after,diff
97.0,311.9310344827586,214.9310344827586
22.5,193.0,170.5
2.25,142.0,139.75
125.25,318.0,192.75
24025.529411764706,72996.78078817733,48971.25137641263
155.00170777047816,270.1791642376912,115.17745646721306
18.0,29.0,11.0
