before,after,diff
2.1105882352941174,1.7344497607655502,-0.3761384745285672
1.0,1.0,0.0
1.0,1.0,0.0
2.0,2.0,0.0
9.235382907880131,3.624757610179799,-5.610625297700333
3.038977279921673,1.9038796207165511,-1.1350976592051218
425.0,418.0,-7.0
