before,after,diff
37.38119911176906,116.56818181818181,79.18698270641275
12.0,57.0,45.0
4.0,22.0,18.0
39.5,104.25,64.75
5072.280505524029,83206.5602609236,78134.27975539956
71.21994457681099,288.4554736192808,217.2355290424698
1351.0,440.0,-911.0
