category,after,before,count_before,count_after,delta_count,share_before,share_after,delta_share
Build_and_Configuration,253,132,132,253,121,46.478873239436616,11.626838235294118,-34.8520350041425
Feature Development,164,0,0,164,164,0.0,7.536764705882353,7.536764705882353
Optimization,357,4,4,357,353,1.408450704225352,16.40625,14.997799295774648
Refactoring,213,1,1,213,212,0.352112676056338,9.788602941176471,9.436490265120133
Testing,367,27,27,367,340,9.507042253521126,16.865808823529413,7.358766570008287
User Interface,558,119,119,558,439,41.901408450704224,25.643382352941178,-16.258026097763047
Web Development,264,1,1,264,263,0.352112676056338,12.132352941176471,11.780240265120133
