dataset,comparison,chi2,p_value,cramers_v,n
commit_messages,before vs after_human vs after_agent,4076.723218794672,0.0,0.2905119928863875,24152
commit_messages,before vs after_human,422.8049130801653,3.3834369532772504e-82,0.14941012369418188,18940
commit_messages,before vs after_agent,3502.837217137348,0.0,0.38552968794468895,23567
commit_messages,after_human vs after_agent,1042.5516141310634,1.2648623786537766e-214,0.4240793566012977,5797
pr_bodies,before vs after_human vs after_agent,1394.6801296984677,1.977416036560645e-285,0.3209430492993037,6770
pr_bodies,before vs after_human,54.179074519599304,1.745474918330294e-08,0.1403619665133353,2750
pr_bodies,before vs after_agent,1224.2093995766297,7.1951293093677705e-258,0.43182769256557496,6565
pr_bodies,after_human vs after_agent,467.22205534170644,5.9515441582025254e-95,0.33254338341940465,4225
