before,after,diff
0.0594622089605757,0.015297557664464173,-0.04416465129611152
0.012236306439674315,0.0,-0.012236306439674315
0.0,0.0,0.0
0.06472702331961591,0.002583979328165375,-0.062143043991450535
0.017569749743854626,0.0022411560702852505,-0.015328593673569375
0.1325509326404557,0.04734084991088828,-0.08521008272956743
26.0,29.0,3.0
