before,after,diff
7.078125,137.75,130.671875
1.0,25.0,24.0
0.0,0.0,0.0
2.0,168.0,166.0
927.8525032722513,52728.1906779661,51800.33817469385
30.46067141860552,229.62619771699852,199.165526298393
192.0,60.0,-132.0
