before,after,diff
2.5260416666666665,5.533333333333333,3.0072916666666667
0.0,0.0,0.0
0.0,0.0,0.0
1.0,1.0,0.0
122.9103130453752,936.5920903954805,813.6817773501052
11.086492368886347,30.603792091756873,19.517299722870526
192.0,60.0,-132.0
