before,after,diff
0.6547458626429293,0.6719406726210159,0.017194809978086534
1.0,0.9402852049910874,-0.059714795008912636
0.0,0.0,0.0
1.0,0.9897167093469911,-0.010283290653008925
0.2091369490221848,0.2159249564157893,0.006788007393604495
0.45731493417795227,0.4646772604892446,0.007362326311292355
192.0,60.0,-132.0
