before,after,diff
4.671875,12.083333333333334,7.411458333333334
0.0,0.0,0.0
0.0,0.0,0.0
0.0,1.0,1.0
415.83417866492147,2179.3319209039546,1763.4977422390332
20.392012619281147,46.683315230432754,26.291302611151607
192.0,60.0,-132.0
