before,after,diff
0.15527268963053126,0.07385158344563988,-0.08142110618489137
0.0,0.0,0.0
0.0,0.0,0.0
0.027279968140183193,0.008064516129032258,-0.019215452011150935
0.18942868685552322,0.06882831376445549,-0.12060037309106773
0.4352340598523089,0.26235150802778984,-0.17288255182451906
26.0,29.0,3.0
