before,after,diff
0.37443580088658573,0.4248786324332432,0.05044283154665746
0.0,0.0,0.0
0.0,0.0,0.0
0.0,0.0036565889756807186,0.0036565889756807186
1.932953837351974,5.4880963042807025,3.5551424669287286
1.3903071018131117,2.3426686287822918,0.9523615269691801
192.0,60.0,-132.0
