before,after,diff
0.308773034961541,0.2663539942921553,-0.04241904066938573
0.0,0.0,0.0
0.0,0.0,0.0
1.0,0.5152439024390244,-0.4847560975609756
0.2026545631997636,0.19716054062741284,-0.005494022572350765
0.4501717041305057,0.44402763498166736,-0.00614406914883836
192.0,60.0,-132.0
