before,after,diff
0.3076923076923077,0.4482758620689655,0.14058355437665782
0.0,0.0,0.0
0.0,0.0,0.0
1.0,1.0,0.0
0.2215384615384615,0.25615763546798026,0.03461917392951877
0.47067872433164165,0.5061201788784757,0.03544145454683406
26.0,29.0,3.0
