before,after,diff
3.21875,6.016666666666667,2.7979166666666666
0.0,0.0,0.0
0.0,0.0,0.0
1.0,1.0,0.0
159.14561518324606,949.2709039548021,790.125288771556
12.615292909133979,30.810240245002994,18.194947335869017
192.0,60.0,-132.0
