before,after,diff
9.09375,150.76666666666668,141.67291666666668
1.0,28.0,27.0
1.0,1.0,0.0
2.25,181.75,179.5
1201.4990183246073,57123.1988700565,55921.69985173189
34.662645864454824,239.00460010229196,204.34195423783714
192.0,60.0,-132.0
