before,after,diff
0.372650099574306,0.27042588857380795,-0.10222421100049806
0.13972431077694236,0.0,-0.13972431077694236
0.0,0.0,0.0
0.8914956011730205,0.5,-0.3914956011730205
0.18373541510226502,0.1870260155697956,0.0032906004675305744
0.42864369247927236,0.4324650454889916,0.0038213530097192527
26.0,29.0,3.0
