before,after,diff
0.24932775980730085,0.07527515048037876,-0.17405260932692207
0.0,0.0,0.0
0.0,0.0,0.0
0.05875691010417017,0.0,-0.05875691010417017
0.6794180482698519,0.12085105267432554,-0.5585669955955264
0.8242681895292647,0.34763637996378566,-0.47663180956547907
192.0,60.0,-132.0
