before,after,diff
70.93229166666667,334.71666666666664,263.78437499999995
1.0,5.0,4.0
0.0,0.0,0.0
8.0,372.5,364.5
90665.03727639616,365637.73192090396,274972.6946445078
301.1063554234553,604.679859033608,303.57350361015267
192.0,60.0,-132.0
