before,after,diff
0.171875,0.3333333333333333,0.16145833333333331
0.0,0.0,0.0
0.0,0.0,0.0
0.0,1.0,1.0
0.1430791884816754,0.22598870056497178,0.08290951208329639
0.3782580977080007,0.4753826885415284,0.0971245908335277
192.0,60.0,-132.0
