topic_label,delta_avg_emojis,delta_avg_density,delta_total
Bug Fixing & Debugging,0.572545431195017,0.0003304008057024595,102
Code Review & Collaboration,0.0,0.0,0
Deployment,0.4,0.000285063428212465,14
Documentation & Communication,0.18181818181818182,0.0035682360774417585,4
Feature Development,0.010638297872340425,1.4146672702580353e-05,1
Refactoring & Cleanup,1.368421052631579,0.000792712195866616,26
Testing & CI,0.06644736842105263,0.0002730594553402543,1
UI / UX,0.0,0.0,0
