topic_label,delta_avg_emojis,delta_avg_density,delta_total
Bug Fixing & Debugging,0.03467253714914695,5.177281920012341e-05,63
Code Review & Collaboration,0.0019106759016001911,1.920637929073155e-06,8
Deployment,0.012457421084205689,-2.7166491704963516e-05,32
Documentation & Communication,0.011572650186919685,2.6554800989765295e-05,33
Feature Development,0.020564296005942315,4.738024272479598e-06,53
Refactoring & Cleanup,0.035398230088495575,6.193579826018726e-05,56
Testing & CI,0.048901147726842564,1.768822477534389e-05,119
UI / UX,0.004448838358872961,1.319852940918461e-05,9
