topic_label,delta_avg_emojis,delta_avg_density,delta_total
Bug Fixing & Debugging,0.6318591803486193,0.00016590919045505808,376
Code Review & Collaboration,0.5602729885057471,0.00017006410325777244,93
Deployment,-0.39179052322601693,-1.5919215739001582e-05,-109
Documentation & Communication,-0.13408535027196727,1.7092168516473438e-05,109
Feature Development,0.10477453580901856,6.327053634869725e-05,79
Refactoring & Cleanup,0.3516483516483517,0.00011423739529973373,96
Testing & CI,-0.014034432126087393,-2.0755056205945714e-05,68
UI / UX,0.05756013745704467,2.0186803751698504e-05,67
