dataset,chi2,p_value,cramers_v,n
commit_messages,2290.454768584607,0.0,0.5483999319573973,7616
pr_bodies,345.58130285387614,1.3709157509216757e-71,0.3748068894939696,2460
