text_type,chi2,p_value,cramers_v,n
commit_messages,237.47005751193495,2.716640698549674e-52,0.0839414740952736,33702
issue_bodies,95.63040539772835,1.714436155077471e-21,0.23107353350866228,1791
pr_bodies,967.6527690339415,7.531318339489755e-211,0.2994393032239223,10792
review_comments,27.954020505484237,8.5086679116873e-07,0.13127943978555634,1622
