topic,test,chi2,p_value,effect,p_adj,reject_H0
Bug Fixing & Debugging,chi_square,157.50237718874908,6.292067168849228e-35,0.17072058345289928,1.0067307470158765e-34,True
Code Review & Collaboration,chi_square,10.040817070883913,0.006601829077153399,0.04240828536009466,0.006601829077153399,True
Deployment,chi_square,336.7756086414504,7.414907945157833e-74,0.21423057879005775,2.965963178063133e-73,True
Documentation & Communication,chi_square,305.52765771984815,4.523890576725503e-67,0.22683244221376608,1.206370820460134e-66,True
Feature Development,chi_square,62.736946037749796,2.3814708072350573e-14,0.11084632056922224,2.7216809225543512e-14,True
Refactoring & Cleanup,chi_square,77.04748121327472,1.859310972612375e-17,0.13903065718051122,2.4790812968165e-17,True
Testing & CI,chi_square,685.857635466972,1.1692483689007864e-149,0.277367974579169,9.353986951206291e-149,True
UI / UX,chi_square,251.344835770435,2.6373173084243822e-55,0.24562657382927397,5.2746346168487644e-55,True
