text_type,chi2,p_value,cramers_v,n
ALL_COMBINED,5633.50470833177,0.0,0.22438493420484398,111890
