text_type,chi2,p_value,cramers_v,n
ALL_COMBINED,2012.4749275927059,0.0,0.2049584138242367,47907
