text_type,chi2,p_value,cramers_v,n
ALL_COMBINED,3607.291350293296,0.0,0.2787168396671484,46436
