text_type,chi2,p_value,cramers_v,n
commit_messages,2276.716927388438,0.0,0.2600472759299929,33667
issue_bodies,95.09706566010547,1.1069967091820101e-17,0.23159500609298814,1773
pr_bodies,1393.8169611049461,8.402609055251192e-297,0.35937834487500603,10792
review_comments,6.782527860652861,0.45186894581657755,0.1823394789710544,204
