topic,mean_before,mean_after,delta,p_value,cohens_d,n_before,n_after,p_adj,reject_H0
Feature Development,0.11371689196029895,0.11769971177580694,0.003982819815507993,3.3186555457941467e-45,0.1353456800996928,16725,29711,3.7927491951933107e-45,True
UI / UX,0.10888996570606876,0.11374291011642153,0.004852944410352764,8.503664256594802e-61,0.14909894067293109,16725,29711,1.3605862810551683e-60,True
Bug Fixing & Debugging,0.12875814958248133,0.12011012105247215,-0.008648028530009177,4.744025647293113e-171,-0.28748173541087735,16725,29711,3.7952205178344904e-170,True
Testing & CI,0.13210816811970105,0.1383519817273064,0.006243813607605342,1.0172139057661978e-52,0.1472042063793808,16725,29711,1.3562852076882638e-52,True
Refactoring & Cleanup,0.12378559767599401,0.11862391124990744,-0.0051616864260865675,1.1542967622218562e-79,-0.1976572229197255,16725,29711,2.3085935244437123e-79,True
Documentation & Communication,0.13144023028597904,0.13343316241085793,0.001992932124878888,8.933807104648507e-12,0.06827875767340252,16725,29711,8.933807104648507e-12,True
Deployment,0.13916016351892374,0.130797974220659,-0.008362189298264738,1.3810262262789534e-142,-0.2764597612823231,16725,29711,5.5241049051158135e-142,True
Code Review & Collaboration,0.12214083338852018,0.1272402278165999,0.0050993944280797315,1.05814351663067e-129,0.22399124938382048,16725,29711,2.8217160443484533e-129,True
